date,occupancy,temperature,humidity,weather_condition,energy_consumption
2023-01-01,152,29.938968630454937,39.461076989250294,Snowy,735.3602103504627
2023-01-02,485,15.83806732016025,74.08185663851751,Sunny,863.4294394534044
2023-01-03,398,26.055533351865133,78.06576440924536,Snowy,903.1831202258138
2023-01-04,320,23.188736552474836,53.27350043849918,Sunny,657.4178816386577
2023-01-05,156,25.58747225818042,73.95357401140657,Rainy,613.957081404033
2023-01-06,121,29.529779159612023,30.257258537735737,Sunny,544.3419282567921
2023-01-07,238,25.320450152625586,70.99734587040501,Snowy,453.55727023289546
2023-01-08,70,27.554458113560607,41.43125807624617,Snowy,547.6767686869694
2023-01-09,152,28.00303057966262,75.43506546346839,Rainy,819.1037245841251
2023-01-10,171,27.577211456459775,30.056005574005475,Snowy,681.5387448121053
2023-01-11,264,21.391372125704116,57.80908675198785,Snowy,914.0186319638768
2023-01-12,380,18.338646263565458,67.83179018924673,Cloudy,554.7040115033501
2023-01-13,137,20.94977402931378,42.9344165348954,Cloudy,685.6716629750032
2023-01-14,422,28.37845363165165,39.656643229364654,Rainy,705.046042473591
2023-01-15,149,17.19907232538038,34.204911223399236,Sunny,673.3577298450605
2023-01-16,409,22.699892530385895,46.32167882516465,Cloudy,762.1070184684131
2023-01-17,201,18.498421086367916,57.992215615441474,Sunny,389.94677469984504
2023-01-18,180,23.719581258401735,35.792192839012884,Snowy,609.8910220366325
2023-01-19,199,27.94707782983506,48.83476809933994,Cloudy,283.37984224667815
2023-01-20,358,28.205399529576255,30.453620232636247,Rainy,507.60906211585007
2023-01-21,307,18.55027790523118,70.93397102499209,Rainy,590.1336548970115
2023-01-22,393,28.615405595228196,36.422435904659565,Rainy,721.779407636378
2023-01-23,463,23.878331082319264,44.16714741327908,Cloudy,960.4248420689628
2023-01-24,343,20.253273700504703,30.921385936910873,Sunny,680.5208532386847
2023-01-25,435,25.622717933748,51.612039194625616,Snowy,794.8751329412478
2023-01-26,241,22.22500481946173,72.00607513706095,Sunny,605.0128475961621
2023-01-27,493,20.669813851833815,49.60756057225983,Sunny,707.283225101065
2023-01-28,326,25.576265464449897,38.97486617119167,Snowy,256.74577290701876
2023-01-29,210,18.73086231645432,67.68494170252596,Snowy,403.5132646734776
2023-01-30,363,19.953787935286478,69.44034909353721,Cloudy,489.48247456411093
2023-01-31,71,21.51677766732407,38.68767376537834,Cloudy,577.9946840052108
2023-02-01,302,18.805232608097082,68.5427054270495,Cloudy,236.51899640190697
2023-02-02,285,21.078031301721257,77.36489441281691,Cloudy,312.01927804265415
2023-02-03,394,23.57209537807516,38.31887934661361,Cloudy,421.45144623304463
2023-02-04,98,26.114607913660024,68.54921462660678,Snowy,977.2261527208406
2023-02-05,108,26.507922796628577,65.42860023013147,Sunny,465.0776056824406
2023-02-06,219,27.341855278150398,53.67869442175443,Cloudy,585.632846489666
2023-02-07,237,26.163174854149467,32.89602302793992,Cloudy,356.87817019071434
2023-02-08,320,25.215591406453633,33.7347208878927,Sunny,688.6240568606146
2023-02-09,239,18.56259706938705,72.62073295993238,Cloudy,424.5465724127795
2023-02-10,495,21.00334339308037,79.50741863753235,Sunny,365.5940627507414
2023-02-11,224,22.165723363203416,63.80261285933772,Sunny,613.2581027567833
2023-02-12,495,16.243369825400315,52.29791535051608,Snowy,204.40463932833666
2023-02-13,100,22.925551819458136,62.37868217009538,Rainy,206.13122611938027
2023-02-14,413,21.54503747409834,59.71979296142727,Snowy,375.2550472814862
2023-02-15,104,27.03163873540101,49.180613020281086,Rainy,229.37709000065692
2023-02-16,293,29.668510031314064,33.28130722870065,Rainy,286.4206033045531
2023-02-17,369,23.340075579638768,71.07564737037205,Rainy,471.0885194710013
2023-02-18,180,19.840295824163753,48.59167646193623,Cloudy,842.0685436638503
2023-02-19,356,15.651011749472591,70.93928216785469,Snowy,657.6389146954407
2023-02-20,184,28.869649953353942,42.62543748441911,Rainy,610.1341807651331
2023-02-21,70,28.78673572917989,30.05147399228167,Sunny,434.7910585664973
2023-02-22,378,18.794852519838617,37.946914163837825,Cloudy,945.4029755462531
2023-02-23,216,25.431166846599712,53.42697083842921,Snowy,517.6120329897533
2023-02-24,323,16.131518206346538,77.21518174789149,Rainy,269.6742134366172
2023-02-25,437,17.493231478638794,35.10968098468595,Sunny,693.653212894241
2023-02-26,138,18.252136598797367,72.7104887230783,Snowy,291.07071478128114
2023-02-27,365,19.417409202591447,56.3512048105931,Snowy,476.1785142413537
2023-02-28,63,29.93747062544056,71.29603828999484,Cloudy,605.9295509742471
2023-03-01,291,25.45387583795722,44.91872154949963,Snowy,899.3780197481407
2023-03-02,314,20.7630274706883,71.9973582336236,Cloudy,594.8372642720949
2023-03-03,395,26.05651058764529,68.64113900084023,Rainy,761.8070128253314
2023-03-04,102,28.728815125036597,41.5026841515717,Cloudy,994.2534711992563
2023-03-05,435,29.380536111117692,36.566756320468905,Sunny,305.1912959183853
2023-03-06,389,15.86795846636561,73.40271612661465,Cloudy,419.78522041561564
2023-03-07,141,20.917826979121948,78.1618326720066,Sunny,515.6608604781171
2023-03-08,416,16.601340989038267,31.565115687375812,Cloudy,537.4625428310651
2023-03-09,493,20.03490097195445,66.56350334868428,Snowy,528.8168602124366
2023-03-10,477,17.545198558433484,75.47622554739092,Rainy,926.0888020452439
2023-03-11,313,24.702725425030856,72.86800460462493,Sunny,771.2261155734851
2023-03-12,480,20.824025759848084,78.22602361351042,Cloudy,686.324171272563
2023-03-13,84,18.440921185574247,68.00470392190485,Cloudy,447.4981742902257
2023-03-14,255,18.989068874463584,52.11493811904551,Cloudy,859.0323073770357
2023-03-15,130,20.405176428079024,45.59759952475652,Snowy,964.0484091879912
2023-03-16,469,18.89924794281394,46.037137021906375,Snowy,856.9586260401812
2023-03-17,99,21.798612702432465,66.22113363070585,Sunny,201.25208415317832
2023-03-18,409,15.484739266644757,67.29185060154822,Sunny,709.1210961467257
2023-03-19,437,19.196452607534184,40.01795717743563,Snowy,240.90830515368057
2023-03-20,51,21.168100813082795,73.40614067452654,Sunny,406.0857762669775
2023-03-21,439,24.041728230349477,65.74620201011238,Rainy,247.61976027821734
2023-03-22,103,19.064364637726946,58.137514317169135,Rainy,683.0363623595101
2023-03-23,155,16.997776878356245,53.57662300512564,Snowy,749.2719307940854
2023-03-24,309,16.143005693987448,57.16164028949791,Sunny,291.5901104527241
2023-03-25,359,29.107977407030752,37.962286913963226,Cloudy,507.0711064359836
2023-03-26,240,21.24958586607719,40.18506246381371,Rainy,564.9892071644335
2023-03-27,451,23.717439317712394,34.55822452030959,Snowy,495.2424174087333
2023-03-28,267,28.787648277533393,37.682901908055634,Sunny,296.8200003881544
2023-03-29,93,16.241226300529593,52.68468173026413,Snowy,535.1582321499803
2023-03-30,211,28.14992228888689,56.5177196864128,Cloudy,800.9424382467345
2023-03-31,251,23.27381808816105,30.893094623915967,Rainy,256.8061316266044
2023-04-01,495,17.472513917055014,69.83989139320138,Snowy,264.14401126552275
2023-04-02,319,21.168826748780535,44.708398667173896,Snowy,483.8170334687874
2023-04-03,400,26.664034256028383,75.59180174799556,Snowy,953.38056929514
2023-04-04,353,22.205551227995322,78.37556318068889,Cloudy,734.8581173783313
2023-04-05,320,29.779290759982565,39.27294373383272,Snowy,742.9359653380518
2023-04-06,264,20.65108454906911,53.10486453828303,Cloudy,489.535992670292
2023-04-07,301,26.24367449964108,30.061591758321295,Cloudy,674.9286329668307
2023-04-08,239,20.894841734682885,59.91636325612134,Cloudy,208.1049472221947
2023-04-09,345,27.437463310597714,60.36532241313356,Rainy,708.8768371276337
2023-04-10,262,23.536222037486215,42.37699778016876,Rainy,930.6295580609894
2023-04-11,257,15.95267744385002,57.920633629159894,Snowy,690.0587746758554
2023-04-12,286,15.55232801453987,41.277007122186774,Snowy,898.958874773076
2023-04-13,387,17.0077817820095,38.041273453909504,Rainy,779.178444372875
2023-04-14,416,15.20507947240496,62.57597334011324,Sunny,296.4467331229522
2023-04-15,102,16.130385905286936,46.296273197603746,Rainy,921.9626458286734
2023-04-16,329,25.37571595753368,59.51319694428112,Cloudy,253.1550754846199
2023-04-17,459,23.015194125441944,51.662337448582775,Rainy,627.1739780382111
2023-04-18,266,26.24866124204958,79.2175703701452,Cloudy,313.7096990347661
2023-04-19,301,28.69748628386464,37.47903213337829,Snowy,209.36528858472326
2023-04-20,237,23.77724298488208,53.22992983179051,Sunny,537.6274081021112
2023-04-21,429,25.891812661077722,64.02283131796626,Snowy,436.03256612332495
2023-04-22,90,26.35621803063684,49.77725419399843,Cloudy,588.8003950380823
2023-04-23,206,20.667758239136795,78.73499259353449,Cloudy,661.7599093876406
2023-04-24,64,18.616272484944478,66.09438139634676,Cloudy,234.9912578471579
2023-04-25,350,18.075679927597875,62.849192878224656,Sunny,298.4026360989965
2023-04-26,114,18.771636592676977,67.85296338056116,Rainy,646.9139171603404
2023-04-27,394,19.12097695538863,77.63243190193586,Snowy,474.5338825381266
2023-04-28,376,18.108414735120846,75.39093264923201,Snowy,783.3387900395584
2023-04-29,58,28.173310012187883,66.21426540632059,Rainy,721.8333188735518
2023-04-30,393,26.35498698258343,67.45808195506416,Snowy,876.4834903919254
2023-05-01,178,15.7034470168683,37.296103701757275,Sunny,753.9942613353802
2023-05-02,185,19.03008723037961,35.13962022463328,Snowy,543.9448619121185
2023-05-03,112,15.332771130454525,58.54522509220821,Cloudy,738.3732979155459
2023-05-04,188,22.472477799688395,30.918381847027,Rainy,420.30493940433485
2023-05-05,130,22.143160451835215,54.11781907757958,Sunny,445.0507990225701
2023-05-06,441,27.470572350937516,40.51747899594343,Rainy,831.1881279366346
2023-05-07,212,19.616658596565742,47.300828382241974,Sunny,557.1356131212658
2023-05-08,468,27.245786028195937,68.79023678964779,Cloudy,838.704272414682
2023-05-09,338,29.519606481597346,77.06187521161932,Rainy,857.9378989346227
2023-05-10,428,16.3261233504847,33.620813607317075,Snowy,886.049870129027
2023-05-11,310,26.877267592044493,56.71211029882225,Sunny,933.3081886729658
2023-05-12,280,23.84933845706454,74.12667429097999,Rainy,544.788176410637
2023-05-13,90,22.200689505277126,34.12542672202106,Snowy,455.09345465691104
2023-05-14,77,21.308036679976126,71.2257023448417,Rainy,665.7589972752911
2023-05-15,184,26.770023959164643,47.89006754641357,Rainy,496.93793875010203
2023-05-16,250,24.590420354613634,46.10473511096677,Rainy,680.8593334401864
2023-05-17,377,27.07567001279043,78.87331931573928,Sunny,764.4686901150596
2023-05-18,317,28.547265880149396,40.042954493114706,Snowy,750.7240147937094
2023-05-19,467,24.25895568145938,64.65969704113405,Cloudy,499.64230961609707
2023-05-20,82,29.706940876385666,71.07203640049332,Sunny,333.4881613590022
2023-05-21,97,24.12131774312828,32.05917476396358,Sunny,544.423470769766
2023-05-22,456,24.549664824334236,63.51927291772061,Sunny,314.075315265527
2023-05-23,111,23.322234128133385,77.57749871776635,Cloudy,912.0776281470467
2023-05-24,265,16.365031365769955,36.210998336402966,Snowy,476.7019685902859
2023-05-25,342,25.895955489753426,74.81106513425192,Snowy,323.56779777865904
2023-05-26,148,23.211694603486674,59.7388318688468,Snowy,220.3582079246007
2023-05-27,221,21.763656711241566,60.830229093123705,Rainy,716.6579090291874
2023-05-28,409,28.657069176049095,60.647208743280295,Rainy,709.5218539637946
2023-05-29,263,19.469391773129257,44.941794316865696,Rainy,472.4833332650333
2023-05-30,84,22.854034140225167,76.76009076497299,Cloudy,257.3695110781208
2023-05-31,498,25.46462807240195,77.36752313155193,Rainy,527.7031159161857
2023-06-01,276,26.94707663510816,61.265233010697386,Cloudy,448.97399605071485
2023-06-02,150,21.890202119192587,69.17113629708074,Snowy,741.6965117880075
2023-06-03,480,27.631371225280645,60.6128992940579,Rainy,684.6233995621523
2023-06-04,180,26.533766119730963,54.21992237870203,Rainy,491.674982558032
2023-06-05,306,15.993539667777988,63.04100591496253,Sunny,374.31404340399206
2023-06-06,54,15.687918996069495,57.65007262959792,Cloudy,990.4287729244735
2023-06-07,267,24.31208526633137,59.8737931315965,Snowy,563.2012969568918
2023-06-08,304,20.211201123381215,69.19162767094309,Sunny,750.6193886241897
2023-06-09,447,18.136961866177714,54.04519157244924,Sunny,312.4423740626886
2023-06-10,408,23.694749017076077,32.037705304623636,Snowy,588.4717597275182
2023-06-11,332,20.123448156848177,38.19997404947486,Sunny,222.0293758955724
2023-06-12,442,23.05895125071105,51.93036082447692,Cloudy,604.3640943283599
2023-06-13,256,21.901787384753582,66.24132799370292,Cloudy,971.2139256941618
2023-06-14,64,23.771491589237307,59.66393241550894,Rainy,507.3653703886402
2023-06-15,395,21.00450733365422,62.514709293672695,Sunny,231.19681005992928
2023-06-16,91,25.465013605453976,53.96394642881437,Rainy,224.76463273547483
2023-06-17,429,17.701009085239477,60.78710109711214,Sunny,510.38940795749556
2023-06-18,228,25.447521993406184,46.45087189073311,Cloudy,328.01994917055526
2023-06-19,112,21.174918215362922,53.50912963483326,Cloudy,218.68167706254872
2023-06-20,401,28.114764072816257,67.21395327974778,Cloudy,804.9708911601415
2023-06-21,280,22.72854082296316,73.59163894865605,Sunny,566.8184071055125
2023-06-22,290,29.596655239051564,51.682766697819446,Cloudy,431.3958175781236
2023-06-23,101,24.029030933114402,32.18308288536806,Sunny,920.0665464131846
2023-06-24,145,18.357735988594808,38.08362720734013,Rainy,292.9111681604205
2023-06-25,437,27.32685955266674,31.043056964576905,Sunny,964.7350631642554
2023-06-26,271,20.1762394173358,62.663150961866506,Rainy,451.17337390188226
2023-06-27,456,20.214288217240252,46.61573126775545,Sunny,910.722937846945
2023-06-28,280,15.477070222277478,57.123931785968374,Rainy,682.3543011835693
2023-06-29,286,23.23072963811113,54.66384233918998,Cloudy,861.3658877931899
2023-06-30,192,23.016352555987844,34.076324477621334,Rainy,987.2105305683714
2023-07-01,220,20.33987226407979,50.16306805619159,Cloudy,430.7243502549966
2023-07-02,78,28.413258943438887,41.028056246116165,Cloudy,968.9083883260744
2023-07-03,85,16.93122597449466,50.91998943338264,Rainy,511.5855159219363
2023-07-04,62,19.95149269965233,40.178914017112135,Sunny,508.40952378953784
2023-07-05,209,19.823741470200435,72.02262031384667,Sunny,472.30968340360454
2023-07-06,376,16.38435879343119,38.70966682891268,Snowy,633.1260858780681
2023-07-07,236,22.217180910844398,78.03902757434885,Sunny,323.3160345427897
2023-07-08,292,25.316770756441244,50.79536830734704,Snowy,642.969188286409
2023-07-09,135,22.674855203208917,72.31226460095246,Sunny,633.3638499280032
2023-07-10,333,17.354665240742907,61.43824091029725,Sunny,809.521450083896
2023-07-11,115,20.659289478631088,66.76751493328763,Cloudy,866.9199695500685
2023-07-12,219,15.038925365754698,68.386194403339,Snowy,552.3530802499392
2023-07-13,94,28.024516605533805,55.242244094650886,Sunny,441.866599481195
2023-07-14,111,16.267755115210228,57.16502616816442,Snowy,407.46791785367554
2023-07-15,490,23.95917123383146,55.69979339043625,Cloudy,355.69906936389754
2023-07-16,183,29.793854938002227,59.40291890450396,Cloudy,246.11806575921992
2023-07-17,333,23.048859689809987,31.469722287825366,Snowy,473.9583830677707
2023-07-18,77,28.860626386611496,49.77575849245076,Cloudy,416.19815370462663
2023-07-19,157,18.541747996761064,60.30943567805858,Rainy,973.1339086931259
2023-07-20,93,26.399331134063786,59.886178262793216,Rainy,646.1670610000351
2023-07-21,389,22.96898630960301,69.64780473028158,Cloudy,477.821631224406
2023-07-22,335,25.80774092087197,62.750466941605424,Rainy,664.3740807949569
2023-07-23,495,15.935120437668623,79.60666581703362,Sunny,311.3573610765564
2023-07-24,380,17.2160863785934,44.19272643043225,Snowy,555.2349993617623
2023-07-25,177,16.996753928812176,47.957551483311576,Sunny,700.987457136851
2023-07-26,397,25.307482581049968,49.192357593389815,Snowy,591.1182654339611
2023-07-27,280,27.66661008950443,53.29064035101243,Cloudy,521.4230405234593
2023-07-28,239,26.24424348012881,71.79990318906047,Sunny,995.0787111197585
2023-07-29,274,15.457082291003912,41.78960469796049,Cloudy,904.2518097191416
2023-07-30,434,28.00822471612085,68.80001035177148,Cloudy,698.7247665275521
2023-07-31,426,20.31220006189688,50.26550915428717,Snowy,655.5018889458263
2023-08-01,332,20.957457487561236,60.09276918310043,Snowy,696.5283838596672
2023-08-02,495,16.573037497987215,61.627026661315305,Snowy,361.04968625794663
2023-08-03,170,26.06107809140729,48.642431859446724,Sunny,516.1101946114549
2023-08-04,165,17.73425817713937,55.63076026029026,Rainy,231.56762631271945
2023-08-05,282,23.459476380282545,50.65155873238485,Snowy,580.4368299894613
2023-08-06,308,27.610649788168967,33.456639309330974,Snowy,634.4196671661305
2023-08-07,408,16.338064930680844,51.858269440841326,Sunny,382.19978888256765
2023-08-08,247,23.03003346023285,34.86966962767761,Snowy,971.223077732411
2023-08-09,460,18.49824617324702,50.25103995401608,Sunny,927.5636887497936
2023-08-10,186,20.143902964173904,59.645919991589096,Cloudy,777.7145883647247
2023-08-11,367,22.109549121458343,58.97074496717504,Snowy,626.7093030122901
2023-08-12,214,20.32656454918957,63.13106395041602,Snowy,895.9753277181479
2023-08-13,274,24.732342604373642,34.76307539773131,Cloudy,304.5218750587703
2023-08-14,356,22.193731526313755,62.60616227652189,Cloudy,832.407835419908
2023-08-15,283,23.762992270712537,45.60740283482235,Cloudy,299.85665117347867
2023-08-16,221,26.052337130923693,49.952297306855556,Snowy,835.3685300395243
2023-08-17,201,23.36613398925656,72.8993126961353,Rainy,420.61405460108557
2023-08-18,364,23.798031519911387,30.45152020647751,Rainy,901.6724648145512
2023-08-19,423,23.46687813783962,59.42063166703027,Rainy,955.2336750603183
2023-08-20,209,20.68158938926934,59.935699005005375,Snowy,319.0367755240925
2023-08-21,145,20.06170250807877,49.8329888171781,Cloudy,570.1404840523148
2023-08-22,282,28.494710957175187,41.851392855416805,Snowy,984.7899025301481
2023-08-23,229,24.11332833440359,41.73370191307755,Cloudy,586.7259487785172
2023-08-24,162,18.665297331969818,74.18548348303763,Snowy,890.8380180116361
2023-08-25,367,22.473715467734102,52.101218689142875,Snowy,670.9852177050559
2023-08-26,491,19.95522721921371,46.544468149458595,Cloudy,500.2639263356815
2023-08-27,101,29.00537735639812,52.43887869157015,Rainy,428.62684442069616
2023-08-28,317,15.11301544701112,63.469520072968066,Cloudy,362.5784728688698
2023-08-29,344,18.379991965687925,37.28782841223759,Sunny,809.4385531021578
2023-08-30,435,20.480352295110865,52.47169176068688,Sunny,509.2324054584223
2023-08-31,436,22.31714701213107,59.394218555519345,Cloudy,609.0203697606009
2023-09-01,162,27.762262767542193,77.42916774257168,Snowy,593.8603840009455
2023-09-02,150,16.318314368102158,42.62638910377096,Sunny,661.823223386505
2023-09-03,162,27.087973301117152,47.96253739581228,Sunny,892.4617164996417
2023-09-04,489,15.83480234035463,48.96792949612119,Snowy,984.5914748667435
2023-09-05,130,27.634710529472724,60.276907882244146,Snowy,526.0673668590535
2023-09-06,236,15.774532168117693,47.83660265200008,Rainy,862.0151376850424
2023-09-07,162,15.273637221425416,56.675596264984776,Snowy,811.6222357237741
2023-09-08,51,25.454421935496324,69.08951649225148,Cloudy,658.8231611644586
2023-09-09,179,29.958833021525916,65.26927970561019,Cloudy,964.8377148895465
2023-09-10,269,28.449153944610313,52.318432325629274,Rainy,360.37961242272223
2023-09-11,103,23.639976267084897,73.21080888370844,Sunny,287.4113682476971
2023-09-12,392,28.760934196282975,57.907012479693144,Sunny,883.1695735643377
2023-09-13,273,15.07950009596408,56.995291975110625,Snowy,551.3198533069987
2023-09-14,274,29.626007444177137,31.709388296957908,Cloudy,877.5750833656484
2023-09-15,434,22.361231688881766,79.33464901785808,Sunny,914.4721641563319
2023-09-16,452,25.843441449326633,36.14854042648133,Rainy,249.96607489525715
2023-09-17,175,27.312922097300287,41.55654562138233,Rainy,906.7718103888485
2023-09-18,179,25.776859062548304,32.584841862076345,Cloudy,558.6552442955377
2023-09-19,102,23.025550980673657,62.00014834184569,Rainy,608.3459912033858
2023-09-20,221,22.14929226189618,41.235058848634,Rainy,701.2740088745682
2023-09-21,267,27.57873838053937,39.000521873636174,Cloudy,941.1060853840694
2023-09-22,209,18.076163402241885,34.42777921116207,Snowy,215.29287554381122
2023-09-23,247,29.519910997563514,35.165447856200785,Snowy,581.4747746542537
2023-09-24,465,25.664287182551224,59.23353502212944,Rainy,750.1776339444485
2023-09-25,296,17.992603910074795,64.41039329332978,Snowy,778.1655661585828
2023-09-26,373,26.04370775547732,49.86894942322005,Snowy,754.0259452296864
2023-09-27,488,22.94760034771675,53.99485407960366,Rainy,307.54810352649747
2023-09-28,252,25.60845143466667,64.2983867991492,Snowy,439.51647069734497
2023-09-29,233,26.516692521642582,30.86898950927398,Rainy,486.9724203336108
2023-09-30,172,16.30935269384513,46.15653285351392,Sunny,843.549766143604
2023-10-01,450,22.591559345390205,78.65488740351732,Cloudy,423.00789793164245
2023-10-02,304,28.98021513385401,59.005611484773404,Cloudy,368.5639710937625
2023-10-03,343,19.809632882392712,42.71122899487466,Snowy,965.9584152304769
2023-10-04,329,23.90824646336848,56.08650233181066,Snowy,207.0906280907751
2023-10-05,374,20.538457222648443,47.132674406045766,Snowy,998.2566845455825
2023-10-06,421,21.814019583286495,56.61224944131496,Cloudy,741.4570390859164
2023-10-07,147,23.229046769072298,36.28707559033244,Sunny,862.7754395592937
2023-10-08,247,23.23382969833466,36.63573269096387,Sunny,435.6955170769545
2023-10-09,444,18.025956934953538,37.17711810196964,Cloudy,211.45222213364798
2023-10-10,289,25.2685732181975,76.99098959634209,Sunny,790.2956148492241
2023-10-11,193,16.31802166863985,66.64494591706709,Cloudy,867.3156776005407
2023-10-12,146,17.082371601630307,38.11909473311604,Sunny,792.3809055628153
2023-10-13,250,15.040663491214945,39.417454188280075,Rainy,314.28022984067087
2023-10-14,173,16.750440962125218,66.54147374354382,Rainy,802.7423378055753
2023-10-15,236,22.097493015778383,37.808192239608694,Cloudy,815.1382256861128
2023-10-16,375,24.091528215837577,41.72806466674143,Sunny,726.8324125360439
2023-10-17,398,26.914341749496934,78.16734164101996,Snowy,812.892746236469
2023-10-18,308,16.60048875170154,42.76532623642159,Sunny,876.7371517421857
2023-10-19,197,27.76091190024682,63.08161751855734,Rainy,690.8832913899668
2023-10-20,301,26.189617883230774,78.93156437002652,Rainy,270.8837711757433
2023-10-21,492,21.127774394038752,48.71483835698963,Sunny,590.1022477337688
2023-10-22,469,28.99407100649932,30.875799543103113,Sunny,262.119467737284
2023-10-23,452,29.863942146860857,42.20736452111871,Snowy,526.0344248259446
2023-10-24,395,18.075027150798558,71.54385956708526,Snowy,525.6851913005021
2023-10-25,196,20.688428774457005,73.23044179775184,Sunny,252.80787531219326
2023-10-26,197,28.89674135384567,68.42596822618955,Sunny,479.05642717558345
2023-10-27,401,25.82394826126916,35.655490953828654,Sunny,288.7984790330519
2023-10-28,248,15.721419659461315,69.77551858482016,Sunny,846.5881680073777
2023-10-29,357,26.72271722627122,75.93388984967521,Cloudy,958.1504207715766
2023-10-30,466,27.41911330766238,60.030477127311805,Sunny,257.8531802063509
2023-10-31,473,26.257528871479703,77.04376781690324,Snowy,964.0921658333612
2023-11-01,177,26.993056963792732,71.34194418559387,Rainy,618.0612794693961
2023-11-02,88,27.376990150391958,63.34857584954536,Cloudy,439.6525423630991
2023-11-03,387,17.79607480182216,58.859261835587404,Sunny,261.48966022093083
2023-11-04,409,18.535376190974997,47.428683362098525,Rainy,600.4994144563343
2023-11-05,178,24.50637845580266,37.96437226214026,Cloudy,835.6124355925989
2023-11-06,316,28.61799195693774,60.24769613452704,Rainy,765.6691818133585
2023-11-07,490,19.74294873444742,45.90557768090598,Sunny,240.18080917117902
2023-11-08,483,23.824600136925852,73.32193337638228,Sunny,258.3214682943228
2023-11-09,200,25.244730951256987,79.66684686793143,Snowy,522.2986261061096
2023-11-10,464,21.77922901948559,67.62138813077863,Sunny,436.2323952383546
2023-11-11,347,25.70673682282989,34.52408476435254,Sunny,385.90745844483826
2023-11-12,148,28.495011679382596,44.43427977653191,Cloudy,424.8035991269709
2023-11-13,312,24.361523162727565,35.45548158828748,Snowy,842.7861946375077
2023-11-14,301,23.096715928719497,62.525582389585786,Cloudy,943.3824429054831
2023-11-15,193,21.581170130825086,68.25954322778924,Rainy,524.0821556220532
2023-11-16,395,23.662294063591887,76.28374154403559,Sunny,924.8888017059977
2023-11-17,161,20.33043677727594,51.90861732059938,Rainy,457.1965609983056
2023-11-18,109,20.872231653022528,75.06878247942223,Cloudy,581.1495890750333
2023-11-19,418,22.977862195322608,73.89455795206638,Sunny,380.8231982527998
2023-11-20,51,15.999286685862254,45.85978583826993,Sunny,712.3808337406751
2023-11-21,434,18.435380863871945,73.44503127702855,Cloudy,983.1848921398471
2023-11-22,353,23.142739659201133,48.78361259408632,Cloudy,682.7944768347029
2023-11-23,303,21.47292214704664,44.843463728014044,Cloudy,486.2512672908391
2023-11-24,189,19.992236788687265,62.45373293971966,Cloudy,718.2539567924227
2023-11-25,86,25.958237052139523,46.41906139425406,Cloudy,298.33654277231005
2023-11-26,209,25.405764111050075,61.51043741645721,Sunny,910.927264212319
2023-11-27,58,17.500961399900746,60.49159027493472,Cloudy,602.4671606238691
2023-11-28,282,28.179436730601573,58.17194636742294,Sunny,559.4797936317136
2023-11-29,148,22.431354396059483,49.02098521163988,Sunny,668.6918307628154
2023-11-30,196,26.121913667085682,57.42498608257384,Cloudy,699.827090231522
2023-12-01,353,23.59726273886083,59.82427374927108,Cloudy,257.42064498121044
2023-12-02,257,29.96538923885765,57.28434442477367,Snowy,746.093776978722
2023-12-03,180,26.28604680058234,52.22097263756008,Sunny,393.54534425242366
2023-12-04,453,25.604706918651885,30.73335285231319,Cloudy,771.1621060052719
2023-12-05,201,26.678579085761264,59.35308538505755,Cloudy,858.0278355073574
2023-12-06,103,17.146919783227045,38.42221925713598,Cloudy,843.1668060420162
2023-12-07,169,18.06816889754195,62.12879844735948,Snowy,642.0007739263112
2023-12-08,210,25.71096123335421,67.9672163961433,Snowy,616.1359138486009
2023-12-09,457,22.40972230696294,55.02226545653707,Rainy,314.3007690715294
2023-12-10,165,26.31952937790175,57.11818324898692,Sunny,820.2769203225084
2023-12-11,124,16.543740461162177,77.57392798329955,Rainy,417.1275043573715
2023-12-12,162,23.047220272268923,72.3583680686287,Cloudy,597.3563382543573
2023-12-13,469,20.682323483353734,75.7118257975735,Snowy,427.41927434201335
2023-12-14,471,21.855003289225174,70.68831441597932,Snowy,307.0626903997545
2023-12-15,153,24.059368081087687,35.44591709233657,Rainy,703.6461575133892
2023-12-16,389,22.534325211937954,37.449592798509734,Snowy,243.46562785832305
2023-12-17,303,23.09790955669255,56.331189863447975,Cloudy,798.91618730096
2023-12-18,276,22.295362229934117,42.30348293989991,Snowy,454.0694362088933
2023-12-19,161,21.134327656282398,53.834773752057956,Rainy,200.10775440358825
2023-12-20,148,26.578229708973677,49.71826619091751,Cloudy,608.9033113897838
2023-12-21,202,15.183046084770668,57.470711921522664,Rainy,237.48152682208251
2023-12-22,398,23.976640518078405,67.34378580679113,Snowy,420.93564625671956
2023-12-23,451,23.482625209844606,65.77454535496372,Rainy,765.5811899645729
2023-12-24,433,25.742686120994282,56.06170662426672,Rainy,250.1516972974927
2023-12-25,415,23.9854404716599,71.1196709408529,Sunny,871.4707938848019
2023-12-26,387,27.401982417136175,51.54310457690167,Snowy,203.0559381268665
2023-12-27,243,29.386121918460418,74.83571449200612,Snowy,397.4590953615218
2023-12-28,359,20.137863857678152,33.56401350275819,Rainy,792.7232449216572
2023-12-29,212,18.410264745449805,77.73300150166537,Sunny,453.01611978344545
2023-12-30,257,21.353952936307245,62.73465407156741,Snowy,281.5139104528108
2023-12-31,494,19.318944247135892,49.003725446860265,Cloudy,488.1871350403423
2024-01-01,218,24.224253947289817,39.85770632864387,Rainy,416.3146291076204
2024-01-02,210,28.67778613264447,53.95916147218,Snowy,874.1695217284439
2024-01-03,117,17.08674291214593,39.72791615926505,Cloudy,450.6783340681145
2024-01-04,338,16.511919045238297,38.31658038715711,Snowy,831.1459774208058
2024-01-05,447,18.840232977804934,60.867587870648705,Cloudy,913.4977158485877
2024-01-06,326,25.891433790936013,56.154236229089236,Rainy,547.0539356612237
2024-01-07,353,23.894443578882324,63.504801730547086,Snowy,927.9545150835136
2024-01-08,453,16.533189963377993,76.48029387109946,Snowy,501.8544431705543
2024-01-09,433,28.781257833911198,56.61301066695201,Sunny,971.2627331920866
2024-01-10,441,26.8512695568613,59.046602663139886,Rainy,271.4316196204584
2024-01-11,184,15.345339071814562,34.481316957747104,Cloudy,749.6154132025941
2024-01-12,244,24.770508164823692,65.88178929543147,Snowy,595.051232365543
2024-01-13,450,26.56870002779607,49.99526034020781,Snowy,510.11904436451766
2024-01-14,177,20.61653054580633,78.83626193312895,Cloudy,706.1695029988807
2024-01-15,82,16.03382309050828,71.158700779783,Rainy,763.085673307465
2024-01-16,225,16.159815982331807,56.124052025805916,Sunny,203.49061572024726
2024-01-17,492,16.56370449077714,36.1611327086083,Sunny,333.56247099775896
2024-01-18,420,27.606594479706345,72.97078966402947,Snowy,770.4368405074549
2024-01-19,424,28.660292973835695,69.98905477120108,Cloudy,733.1083308625651
2024-01-20,71,16.84216172768601,39.229256476851646,Snowy,972.8380041029418
2024-01-21,287,18.538590518926217,44.7639144610155,Cloudy,808.8302322006264
2024-01-22,207,17.482807655509347,69.67036290739186,Sunny,960.6181661850704
2024-01-23,87,17.79481319241181,39.26142232737048,Rainy,762.0324012278455
2024-01-24,279,27.56236183503738,75.88762445856887,Cloudy,438.4417669115545
2024-01-25,414,19.982196189824084,51.226371259818094,Sunny,284.29193780068516
2024-01-26,100,19.67166396068462,34.35194812938293,Snowy,825.4590906759485
2024-01-27,487,18.410934313156687,70.78743217521404,Cloudy,715.3193771807328
2024-01-28,313,24.11841590691388,48.67548415191938,Rainy,238.548809914637
2024-01-29,332,20.689585475783232,56.32495970768905,Snowy,488.04037272078267
2024-01-30,76,26.163744777649335,35.61521722056096,Snowy,965.4398523874289
2024-01-31,275,18.08369712563456,30.129200742249118,Sunny,600.320916568161
2024-02-01,326,26.816848330717384,61.89926028966488,Cloudy,546.1833088157637
2024-02-02,335,24.055822975952083,55.758758516686584,Snowy,566.1596841274352
2024-02-03,146,16.714009500835317,59.676928456157356,Rainy,367.10617920413097
2024-02-04,333,21.217568763054416,69.68719251902581,Cloudy,494.9657366918362
2024-02-05,416,27.952772109194356,62.330295671143006,Rainy,495.8506047897413
2024-02-06,497,28.844403476977273,38.73867214136886,Snowy,241.88401614997792
2024-02-07,366,21.985501834782198,48.038625955529994,Rainy,814.0541028143346
2024-02-08,353,22.212554671336104,75.29455523938802,Sunny,533.2035455231032
2024-02-09,196,28.776820874089516,68.49723501258396,Rainy,857.7439094531386
2024-02-10,53,23.806023362048506,57.83185289683586,Cloudy,880.2784008959163
2024-02-11,84,15.492700053651575,42.78224989046362,Rainy,369.5952437589265
2024-02-12,241,28.69124194318693,45.10302509173975,Rainy,725.8827857361028
2024-02-13,98,18.72339664135728,66.59790337928172,Sunny,577.8254433303854
2024-02-14,66,23.664479311373206,72.55871304263854,Rainy,904.125390337188
2024-02-15,221,17.482699761419607,63.57123347653072,Rainy,372.59254334116326
2024-02-16,269,15.508187403698924,70.47649878842209,Snowy,742.2505602480354
2024-02-17,207,19.67209756699136,68.3328067600203,Snowy,686.201697802178
2024-02-18,95,26.707435613191315,37.48519839784789,Cloudy,436.24118205746623
2024-02-19,422,19.163807589441273,51.197240645665104,Snowy,309.2807229209381
2024-02-20,55,18.301458211216456,37.649190041428135,Snowy,721.3118083818213
2024-02-21,148,18.190211765118395,41.761779240099244,Snowy,790.8779665058646
2024-02-22,429,22.72760523610219,73.46298123255264,Snowy,452.50187501068
2024-02-23,282,29.633119735241344,53.64459828165911,Sunny,715.866083217851
2024-02-24,86,21.884834820255197,56.76790509213304,Snowy,516.1047260892026
2024-02-25,329,23.359580533350716,38.922298261388605,Sunny,770.5655066260941
2024-02-26,398,27.90948026836101,45.6135893024398,Sunny,359.37221991524245
2024-02-27,351,23.02604578400488,41.5123084213935,Snowy,912.1720021089395
2024-02-28,230,17.766943071282842,40.30930822592132,Rainy,429.92767717246375
2024-02-29,144,19.493938676497155,61.89803966579851,Sunny,494.22879020492235
2024-03-01,148,19.649053894029166,42.84419238228574,Rainy,246.47356166427983
2024-03-02,237,20.959771731863967,61.60077430102092,Rainy,289.2097698570211
2024-03-03,165,21.40183358005124,32.922730705427696,Snowy,612.6895221698625
2024-03-04,240,26.99673033111404,37.08871967635509,Cloudy,414.0741413823772
2024-03-05,302,20.240804985739995,43.72701270000627,Snowy,868.3841805937556
2024-03-06,465,22.02347742662069,59.85234584478458,Cloudy,211.75471092396307
2024-03-07,210,24.374639805765785,63.7920622543688,Cloudy,503.275238937549
2024-03-08,305,20.66588921160254,52.13584833897636,Snowy,469.87643741527415
2024-03-09,372,27.548472199384996,52.28954572886145,Snowy,215.46210473408084
2024-03-10,177,23.811804063511115,66.2258425699309,Cloudy,299.4947192004082
2024-03-11,67,19.410670188314572,30.79105458827912,Snowy,530.9141399349082
2024-03-12,330,25.710887996847426,47.05450122371103,Cloudy,594.2916675579572
2024-03-13,272,22.91471595217179,70.93535285596164,Rainy,523.4317978038953
2024-03-14,103,23.016838368858703,60.16097051066861,Snowy,624.7501427296751
2024-03-15,107,22.21631922581379,46.86135663777102,Rainy,676.1053399245452
2024-03-16,372,22.455179232318734,75.27623961648369,Sunny,207.9390569022685
2024-03-17,409,26.48034421599361,68.63113637246913,Rainy,571.2761275628031
2024-03-18,223,16.544722189969733,43.24477236183667,Rainy,970.7993927100706
2024-03-19,329,20.015442169657234,62.264491876285845,Cloudy,615.225824103639
2024-03-20,163,16.13255045705834,59.78753640944784,Rainy,742.0338139671626
2024-03-21,337,26.298693311211764,50.059395701949136,Snowy,449.4910863335066
2024-03-22,480,19.084527820804492,48.34780396024003,Cloudy,819.19310252221
2024-03-23,391,28.461456147283265,47.1780237387852,Sunny,818.337185500892
2024-03-24,200,22.898676999889407,60.857789169782336,Snowy,617.0368381233111
2024-03-25,499,27.011246572291817,52.120496824033474,Sunny,980.8110586233709
2024-03-26,176,29.68397153423942,71.59315566257109,Rainy,300.4401718101227
2024-03-27,204,27.596832891848557,63.48013080669809,Snowy,213.5581319116648
2024-03-28,435,28.004906400172853,33.49658028547171,Snowy,816.1265694056768
2024-03-29,322,21.11976743047267,62.00841119140831,Sunny,845.7244298919061
2024-03-30,153,23.275838928890096,43.55737182500924,Snowy,296.165783296461
2024-03-31,466,18.808328460649562,59.640599582671136,Snowy,412.46626636688484
2024-04-01,442,17.941696495401793,64.00659655517256,Snowy,214.04189069330312
2024-04-02,348,22.58261818659051,41.541459457700604,Rainy,434.6468886244518
2024-04-03,295,23.925734695506307,52.84293224401843,Sunny,818.5134991349372
2024-04-04,225,20.089068688442865,39.51624314095339,Snowy,614.3684221700631
2024-04-05,88,23.541652766452504,32.61694378932542,Cloudy,478.4764745346305
2024-04-06,219,28.311907237702542,48.92382117429345,Cloudy,497.39143592506423
2024-04-07,296,23.35082377175049,48.1472135922996,Cloudy,201.0829005723745
2024-04-08,75,25.8121964446576,79.77402453521285,Cloudy,439.8404220521887
2024-04-09,404,27.079724510368578,52.31761755988211,Rainy,717.1669933103444
2024-04-10,355,29.830931729331642,46.678477473610016,Snowy,979.3555550530857
2024-04-11,458,24.047961032654694,59.02375033583373,Sunny,877.6486615871196
2024-04-12,457,27.10275223443879,34.438369705388425,Snowy,218.8759717164233
2024-04-13,62,29.439739778323123,78.08328679774067,Rainy,918.8484837398714
2024-04-14,365,29.1661458836591,61.748002279551656,Cloudy,826.5587306389008
2024-04-15,440,17.116227731665703,67.74189099704239,Rainy,824.3008988567843
2024-04-16,362,21.09588462410283,38.523896908695875,Snowy,566.3966072028572
2024-04-17,85,19.859850916601992,50.4738926502602,Sunny,518.4042343636022
2024-04-18,222,16.30387522425524,51.134455669809476,Rainy,442.3325830665541
2024-04-19,69,24.49861162366441,71.09032219505434,Sunny,252.55588716349263
2024-04-20,370,26.038569197940035,30.061833987970473,Rainy,382.5882907949593
2024-04-21,313,27.721921432003253,45.04265541766276,Sunny,397.2829079824197
2024-04-22,449,16.841653344940628,79.0618187172152,Sunny,587.2616557681613
2024-04-23,191,28.146661138129407,53.74432717531093,Cloudy,797.9555252773552
2024-04-24,420,24.6438834542138,49.12631401220041,Sunny,579.0478627183572
2024-04-25,192,25.559192027077643,35.99145010088232,Cloudy,246.27555955772849
2024-04-26,141,28.659360053104557,78.70823143140078,Snowy,966.2318407905631
2024-04-27,403,24.371419065648766,31.001317796291225,Snowy,954.1794552752898
2024-04-28,371,20.037987857247526,66.85901125036216,Cloudy,828.1516345187267
2024-04-29,337,27.376609971339896,68.42999023942542,Cloudy,993.0623212513765
2024-04-30,264,20.445888182926357,42.18283580319333,Rainy,635.5858662402104
2024-05-01,496,15.513421662307938,63.57792218065187,Rainy,970.2146802025649
2024-05-02,391,27.459817598478747,34.646457218969495,Rainy,260.4840324934006
2024-05-03,100,20.177882173219132,42.852363321603995,Snowy,492.5445986090971
2024-05-04,202,26.607517848020102,69.39509941461324,Rainy,380.30501440541263
2024-05-05,235,20.441368419989182,73.23430960167701,Sunny,356.66646730741604
2024-05-06,112,27.916020299620826,60.42432063298956,Sunny,312.64235911414085
2024-05-07,239,18.29265787621438,55.34192159102413,Rainy,697.9309132527974
2024-05-08,174,29.61820897798305,37.96520103094902,Sunny,825.057484597844
2024-05-09,199,26.696381621820464,33.155451653957506,Snowy,662.6387195362886
2024-05-10,363,16.713568888805952,35.882451423677935,Sunny,317.57016767056774
2024-05-11,107,23.486649299498406,41.36786500480494,Snowy,848.8990159467767
2024-05-12,391,29.780509683626022,47.083725094846045,Cloudy,708.7637657309829
2024-05-13,354,22.065981790407214,49.04547627554936,Cloudy,510.5325649015964
2024-05-14,229,17.731607082323748,47.316088429450176,Cloudy,739.3042364288503
2024-05-15,219,22.271675507255193,41.95276660986328,Cloudy,407.9239833942663
2024-05-16,375,22.686864838228825,55.4862123375849,Sunny,476.1537667953684
2024-05-17,320,26.125304163429984,71.26430541164484,Rainy,933.9886745055921
2024-05-18,103,25.48268779741357,43.98517692357396,Sunny,432.4036045371363
2024-05-19,493,21.03825065395471,77.11935095511166,Snowy,575.9906145263493
2024-05-20,150,18.2703466124113,73.66683308619238,Sunny,912.1129099168118
2024-05-21,313,24.675812516539942,38.08821056760548,Sunny,766.177080214022
2024-05-22,102,21.325559018299227,69.31379783785472,Snowy,249.76258093176222
2024-05-23,109,16.984143166879957,58.72936911588833,Cloudy,317.84243542317625
2024-05-24,157,28.508584518545785,58.32876810857093,Cloudy,206.27327261753345
2024-05-25,54,25.368327864144817,49.552138152908725,Cloudy,704.7374321833307
2024-05-26,152,25.24775784668222,55.05764995910049,Rainy,558.1387403283347
2024-05-27,245,27.33875813867511,49.85893887146055,Snowy,307.4198807218204
2024-05-28,311,22.944925179826214,56.98663093799714,Snowy,966.3472968454164
2024-05-29,414,27.225816426036857,61.39750263863179,Sunny,623.7277791564959
2024-05-30,421,22.471361302665088,63.71519032045242,Rainy,393.51463529031133
2024-05-31,399,16.00763099873565,56.624059627971306,Cloudy,600.4828569237661
2024-06-01,96,21.078721320415333,66.07110336643659,Rainy,743.6962661880863
2024-06-02,404,22.46197340969836,37.06390246377529,Snowy,260.99137437885156
2024-06-03,360,25.803038724484438,40.59912454511193,Snowy,419.7630520383136
2024-06-04,473,16.598680951930117,70.9367502037135,Sunny,845.5723927071949
2024-06-05,357,17.100278079906737,46.12639889232076,Sunny,567.7318963221289
2024-06-06,193,18.955257039519246,31.144691248806012,Snowy,637.2617136258359
2024-06-07,318,18.997475900563234,37.68955748340156,Cloudy,546.2528017675754
2024-06-08,419,25.982768676885936,41.18072172481556,Cloudy,235.1199541144041
2024-06-09,173,18.760959908423967,77.86614439472936,Rainy,332.5998238561248
2024-06-10,155,24.49647095036171,58.652071446542465,Snowy,556.4333109935127
2024-06-11,207,22.41410775207407,76.63653702381274,Snowy,367.34837232634226
2024-06-12,196,23.59941567269101,58.75816752483125,Cloudy,239.983222927743
2024-06-13,194,27.57160444767444,53.967722006892586,Cloudy,874.919731241459
2024-06-14,169,21.065722523235365,45.686384559704805,Snowy,984.9540233312927
2024-06-15,368,26.563670655964057,60.31854722166878,Sunny,834.5142991973916
2024-06-16,324,21.33054089326031,36.95990123087649,Snowy,883.0279373637336
2024-06-17,141,20.30807064841874,74.9130813646353,Snowy,393.5817042536363
2024-06-18,107,29.37940765969831,71.46662025706419,Cloudy,968.5015804105598
2024-06-19,488,17.76556381018445,45.87657239383685,Cloudy,357.5405635627427
2024-06-20,395,16.355054408664117,77.63987638006472,Sunny,961.1438482894658
2024-06-21,278,26.56478888303218,71.2600383707784,Sunny,995.8554351727608
2024-06-22,166,16.023745580311374,63.315344291751984,Rainy,769.378244596839
2024-06-23,367,27.556184860545443,36.08809555626374,Snowy,984.9149854334576
2024-06-24,328,21.557900945358654,53.91170115240361,Cloudy,655.6318236536829
2024-06-25,176,28.73270515937871,55.30537774233754,Sunny,407.6334265408723
2024-06-26,442,25.822992916828582,41.62756791826901,Rainy,549.5967085324967
2024-06-27,445,24.156070005119364,33.998269717965094,Rainy,674.8487483030287
2024-06-28,178,29.239601955866483,68.83618152358463,Cloudy,258.465249621612
2024-06-29,107,20.949740595780813,36.10175260621975,Cloudy,697.8746116937969
2024-06-30,171,29.311304048094495,59.71453752808874,Rainy,984.9422694098356
2024-07-01,50,17.025019161318106,76.82245869418303,Sunny,352.0861198269821
2024-07-02,288,22.256324128986194,73.80525962990212,Rainy,834.0760930307066
2024-07-03,339,19.048668335882923,43.88763118746306,Snowy,926.3190350236955
2024-07-04,145,23.097641683622903,72.57243187756328,Snowy,954.9612742561767
2024-07-05,175,17.43020816837377,30.01662530602447,Cloudy,968.1084835243578
2024-07-06,167,27.62294490465065,30.884390480662862,Sunny,617.1677109771775
2024-07-07,97,27.69611773971836,60.127658192143244,Sunny,981.846326393203
2024-07-08,138,29.328544690852183,48.23991095722647,Snowy,805.8481657075511
2024-07-09,286,17.320082113248542,49.32304205795735,Rainy,329.3371489895695
2024-07-10,422,24.34998826357486,58.222054533944124,Cloudy,581.5200851743759
2024-07-11,434,22.113559630505545,39.589122779593026,Rainy,774.6649402976032
2024-07-12,321,20.165755980663498,40.58776753327392,Rainy,397.87225265526666
2024-07-13,238,20.273102417013284,54.230079350943235,Rainy,712.4921468391099
2024-07-14,241,21.191903259101284,67.71267721719315,Sunny,733.2803832372954
2024-07-15,496,25.573883245334294,60.97488757037938,Snowy,330.1597950468527
2024-07-16,118,23.97429087402232,44.86775241184195,Sunny,652.0682499622051
2024-07-17,327,21.89522269141697,51.51685887544606,Snowy,817.3015287828862
2024-07-18,398,16.13900115554433,38.53323792749992,Cloudy,599.1165316287536
2024-07-19,296,16.166480161184356,33.73149071685408,Cloudy,209.68249342088595
2024-07-20,125,15.035090859386674,69.13480203720746,Rainy,207.23077526343374
2024-07-21,203,29.515490823106298,43.26937045940973,Snowy,485.6234751760097
2024-07-22,193,15.078807278375773,38.88831939256241,Snowy,940.9552547454256
2024-07-23,484,16.546406190206174,64.58090277846597,Snowy,382.94142368288703
2024-07-24,135,19.71894835214116,60.902583714359295,Rainy,707.4909510973497
2024-07-25,234,27.11145377725142,61.65948130067321,Rainy,377.66069655465645
2024-07-26,334,29.431481786461767,41.44473024233068,Cloudy,457.3359917276389
2024-07-27,269,26.85020338187784,41.63227692813405,Sunny,878.4336716811872
2024-07-28,118,25.358403486684608,41.04013148928196,Snowy,783.0891538159575
2024-07-29,96,22.81951001120354,38.68762978311473,Snowy,276.3194218505685
2024-07-30,143,16.300578177932753,62.78618362808282,Sunny,542.9616167891469
2024-07-31,287,29.372561895058958,72.40079426247007,Snowy,223.33581091621159
2024-08-01,495,26.37588620918522,66.21587348383306,Rainy,584.7121172824072
2024-08-02,253,24.58424078001393,69.60468168802717,Rainy,729.9472093608545
2024-08-03,449,26.385537683082745,50.23992145425999,Snowy,294.80209887852124
2024-08-04,267,25.86154993909708,62.703789768599904,Rainy,431.1079511273325
2024-08-05,481,24.558473696842302,47.711812022238725,Rainy,518.2693004017256
2024-08-06,390,29.70865200269982,56.275231098432,Snowy,935.6248197248398
2024-08-07,88,28.550457189540374,54.08174232674312,Cloudy,994.6040123383713
2024-08-08,149,24.69997378675745,38.84435725719272,Sunny,235.92903919649268
2024-08-09,338,25.39762817185387,49.35393801678154,Rainy,808.8063387963136
2024-08-10,303,15.77393709988065,78.19111377411755,Cloudy,497.37925312187457
2024-08-11,271,25.048761968250588,42.429012885747106,Rainy,513.9665489835841
2024-08-12,406,15.662481565651502,36.690186813974435,Rainy,803.4119786776182
2024-08-13,72,23.823956354548965,50.92903108119677,Sunny,934.741145716327
2024-08-14,299,29.990302493487523,69.51688679300742,Rainy,960.7428756020387
2024-08-15,59,23.337098721557695,59.107411488998615,Sunny,661.6980688306567
2024-08-16,295,22.098151771220003,64.04874136191222,Sunny,485.69692744040225
2024-08-17,374,19.692822847583813,39.48474240873386,Sunny,830.0392686870234
2024-08-18,149,16.807838681796966,60.94740965038608,Cloudy,400.8011066098402
2024-08-19,339,25.965355071874225,46.17501974557369,Snowy,651.2592230668142
2024-08-20,229,17.888985416784458,71.71516829773837,Cloudy,486.86276921989855
2024-08-21,272,16.729230318709266,61.46494030053681,Snowy,725.3048589663009
2024-08-22,443,21.326439895957687,39.942813888764796,Snowy,392.31913031480553
2024-08-23,299,26.93012756938646,33.23083399220431,Sunny,353.2743565878606
2024-08-24,196,26.175968221803306,32.13166046435164,Rainy,934.5912693403496
2024-08-25,491,15.823239219697124,48.57042838250703,Sunny,281.4429463596295
2024-08-26,145,21.827155275542342,43.292556832715675,Rainy,604.7663261879453
2024-08-27,306,22.836518641067535,62.304506173125404,Snowy,376.68222637040714
2024-08-28,374,24.668199759387335,54.96669174893091,Sunny,231.14397066053397
2024-08-29,53,24.75251025664842,43.30096390026904,Rainy,228.8150546331411
2024-08-30,65,20.470458741859588,37.46188889750881,Cloudy,340.17741768466186
2024-08-31,329,23.41015791005271,36.35998813437248,Rainy,893.4162836048002
2024-09-01,385,22.215928257661297,73.23301960702088,Sunny,425.98299518162133
2024-09-02,296,28.274975347849214,42.17389842024336,Cloudy,960.3673364602366
2024-09-03,307,22.953976989523504,62.58553239554842,Rainy,665.2978343913549
2024-09-04,433,21.615482426222425,70.53429639931332,Rainy,549.2913518150128
2024-09-05,209,21.06728174522776,60.7040655592368,Rainy,664.0710677355637
2024-09-06,389,23.586416391501984,72.97826158234729,Rainy,613.3587081810142
2024-09-07,201,27.059654691013463,49.619686076423726,Rainy,807.0210030058602
2024-09-08,445,23.076022355711814,77.81110953244742,Cloudy,425.9968527782818
2024-09-09,227,24.92482762620812,36.65725020890485,Snowy,482.4403132802419
2024-09-10,212,26.067836503597874,35.107476482876905,Cloudy,915.2754420266006
2024-09-11,429,22.802521648180978,62.93460731037218,Cloudy,957.1652105203244
2024-09-12,82,21.402255849822964,77.14155707066308,Cloudy,914.0465819891796
2024-09-13,466,28.14998066793674,70.4441730818164,Snowy,535.5583951658509
2024-09-14,494,21.262591260418382,33.82084297190257,Sunny,824.2924024055053
2024-09-15,228,21.929142758633816,43.96838569673582,Snowy,581.0685866408791
2024-09-16,476,29.855119700126657,76.51594424189119,Cloudy,598.0318817168818
2024-09-17,150,15.003562853638268,42.652921640039224,Rainy,363.74408724582713
2024-09-18,317,17.78209364365084,69.05852118934595,Rainy,672.9042426068131
2024-09-19,372,20.759458348795885,71.25660979643519,Cloudy,348.90871820267836
2024-09-20,114,28.988848641378794,54.77260517304909,Rainy,465.25175925375504
2024-09-21,466,16.050445586212064,49.31744549241577,Cloudy,884.0241612959481
2024-09-22,217,15.142281504427471,52.506221620987986,Rainy,365.6606473686842
2024-09-23,379,15.790257539658429,41.34823471826821,Snowy,256.92662813874625
2024-09-24,92,16.32815115920427,74.46954580644221,Sunny,255.20607409025303
2024-09-25,93,15.563951598093913,52.530982836487894,Sunny,952.6276164024863
2024-09-26,334,22.196719902847573,74.12297202280499,Snowy,605.5363503694678
2024-09-27,446,23.711358108409918,35.2846739953137,Snowy,527.5296574536146
2024-09-28,61,19.07530456603506,79.41376355000656,Cloudy,848.7028648063348
2024-09-29,144,20.974310759634534,52.163654372180915,Cloudy,868.6607423284128
2024-09-30,351,16.375490026671454,32.39154101970527,Cloudy,465.7528264924837
2024-10-01,435,20.04555695742633,31.901092411872746,Rainy,754.8944459790362
2024-10-02,302,22.837787874517847,67.31036287409194,Cloudy,816.8982526815092
2024-10-03,291,25.98407710776968,62.95177671018404,Snowy,723.7205494927637
2024-10-04,84,15.050195430644688,70.10652790637937,Sunny,321.2760598400795
2024-10-05,264,22.009661498064787,35.2683766976403,Rainy,900.7064668136456
2024-10-06,386,19.455043146823233,31.77854335177742,Cloudy,631.275642188807
2024-10-07,139,27.792327325378523,55.42896447237892,Rainy,425.97794109600295
2024-10-08,313,25.73329972851363,49.37976157413848,Rainy,540.1825483501551
2024-10-09,142,23.836628017063422,53.09734683354779,Cloudy,230.05687231912592
2024-10-10,459,19.158984685451603,79.5794204435137,Rainy,302.29344097793404
2024-10-11,139,28.655086530863016,78.53749788353352,Sunny,812.4374004126887
2024-10-12,467,15.676510158304847,77.11576948365965,Snowy,200.00930780429292
2024-10-13,164,16.64201398018673,69.19213383838368,Snowy,533.2526627858338
2024-10-14,154,20.87445210810534,47.74206801284452,Sunny,618.0081448684707
2024-10-15,440,16.866563359452844,50.60654651313858,Rainy,243.70753600077785
2024-10-16,245,29.346235463391373,57.480802185946224,Cloudy,978.4625303778663
2024-10-17,363,26.96983983215075,71.52672282024199,Rainy,380.90026499973754
2024-10-18,163,18.884739774027203,33.43564162591339,Sunny,443.35897570902466
2024-10-19,124,23.82831343459868,51.21484429424441,Rainy,443.1540098040218
2024-10-20,462,29.734957726201223,34.130883172963436,Snowy,384.33332969387993
2024-10-21,425,28.262984671972546,55.73287932867558,Rainy,201.17905766904914
2024-10-22,469,24.01197669663297,74.94504120031178,Sunny,783.475835270397
2024-10-23,266,28.55585950762906,69.1242462281969,Snowy,973.4763998394283
2024-10-24,326,29.837773647200386,41.3921208771555,Rainy,379.434786628036
2024-10-25,298,26.150292343404363,78.79954247993962,Rainy,730.437753442738
2024-10-26,213,15.97479614224341,63.36751990232142,Snowy,793.5170615669721
2024-10-27,443,21.02370354638231,30.521384969870155,Cloudy,878.7403032724197
2024-10-28,406,27.56738602924868,42.77067423426098,Snowy,538.1033576108873
2024-10-29,457,18.458537937075285,43.03566499599583,Cloudy,442.3447245123434
2024-10-30,241,27.45963776625937,33.462715314293,Sunny,460.2361072184249
2024-10-31,276,16.80508143052494,77.99132590379645,Sunny,770.0970664788102
2024-11-01,226,15.704180357217195,53.91276472879619,Snowy,853.4235732045088
2024-11-02,148,20.761359172368742,74.7907298685941,Snowy,345.2911742052821
2024-11-03,85,15.550979061399204,46.11077517223141,Sunny,496.75280652621217
2024-11-04,145,29.359053944749885,36.26167852164136,Cloudy,921.5521573993201
2024-11-05,201,27.393085436909487,53.716805495310695,Sunny,845.3548157557914
2024-11-06,200,27.011545306948125,35.69783173571586,Snowy,987.8867222099807
2024-11-07,239,24.446668844942295,54.300775148876994,Sunny,803.3986077456645
2024-11-08,273,18.244860345548304,76.0148590609704,Snowy,514.5561608223378
2024-11-09,86,22.773905500145883,56.03840709171064,Snowy,672.5102671957102
2024-11-10,317,23.959111086455117,60.82498634475417,Sunny,728.8114033978562
2024-11-11,418,22.87547251290402,37.83192184869041,Cloudy,262.76465305369913
2024-11-12,232,18.90350051927291,32.18678129399847,Rainy,635.5975672830921
2024-11-13,62,22.72871886472089,35.54039810899035,Sunny,767.4566627780877
2024-11-14,328,22.3677951130294,59.92657878421828,Rainy,333.8570432008483
2024-11-15,266,29.945036637100863,34.75058494961523,Sunny,824.5053739404457
2024-11-16,404,28.461542220693058,48.79964449706557,Rainy,667.0182244112893
2024-11-17,410,21.9507112232343,57.5045970229078,Cloudy,961.7774285580757
2024-11-18,335,24.34406074402678,49.432639931492346,Cloudy,233.93783856551335
2024-11-19,322,26.218074061383426,38.18419007326507,Sunny,412.2609100443736
2024-11-20,418,15.522977403507374,43.68956537570533,Snowy,681.2431034398593
2024-11-21,111,28.4238216184176,76.41587664242886,Rainy,437.2479297647445
2024-11-22,133,27.901902246268854,63.79911377931777,Snowy,771.5393312569938
2024-11-23,417,21.86148146660561,54.80239193399433,Snowy,807.2042260175448
2024-11-24,266,20.867546491205697,30.635744499344675,Snowy,282.01277125317955
2024-11-25,391,19.094390622844724,79.6207700244735,Cloudy,611.0835713654142
2024-11-26,446,22.150152424955525,63.572746744732164,Sunny,607.1124444728447
2024-11-27,236,15.665649952998551,45.84612386724724,Sunny,495.4246161724329
2024-11-28,68,27.782903000205117,73.96343299989191,Cloudy,946.3398900557377
2024-11-29,226,15.531335526278177,42.921581014590906,Cloudy,862.005055898577
2024-11-30,149,19.935770480548065,57.20082895913758,Sunny,757.7675055277094
2024-12-01,445,28.973842324784847,61.80353818649125,Snowy,771.461308587998
2024-12-02,494,26.02818981785179,41.053168572686424,Rainy,569.3729150504953
2024-12-03,282,19.2208644086629,78.91986394002978,Rainy,936.7956168772607
2024-12-04,452,18.789736409413276,67.40959529894988,Rainy,755.6763418026283
2024-12-05,125,15.07623209727039,57.8906612755535,Snowy,783.1848493246531
2024-12-06,314,25.435714392746252,39.02972990876504,Sunny,889.3527230298762
2024-12-07,333,15.731753725097596,32.692910349901304,Cloudy,419.2572714737528
2024-12-08,255,22.98903779101143,46.00299162604917,Sunny,845.6567230933624
2024-12-09,272,29.431829588880746,67.65936679567014,Snowy,356.19248236519365
2024-12-10,433,16.642032900816808,43.46656491510125,Cloudy,476.27356179591027
2024-12-11,101,28.417198964521013,56.97781102477526,Snowy,468.4883634158742
2024-12-12,388,29.87213002717572,66.39735883653717,Rainy,982.8203747113124
2024-12-13,416,15.922755393588526,35.397185732323216,Rainy,885.2297789983414
2024-12-14,193,28.243594037061918,64.26490080579367,Snowy,760.9358892722078
2024-12-15,422,22.74118530665425,34.593544385502234,Cloudy,781.6454092923121
2024-12-16,118,28.5977057916687,78.25648710634982,Cloudy,649.6582355220569
2024-12-17,148,23.56978412879361,54.41970650324698,Sunny,957.6725336868153
2024-12-18,445,24.93168015159847,37.53380538549387,Rainy,597.0070023058893
2024-12-19,74,23.156683619960987,47.11918180167733,Sunny,504.4141678959156
2024-12-20,485,27.967393204610225,50.67082246476308,Sunny,330.42826954527277
2024-12-21,428,26.008648784305528,67.90925055382687,Snowy,828.9645218088464
2024-12-22,102,22.818904682706226,67.17118930383046,Snowy,787.5551456604732
2024-12-23,200,28.022412060773206,60.59702526686655,Sunny,507.4840308193079
2024-12-24,193,18.679282983830017,35.29653562792465,Rainy,220.1547311673835
2024-12-25,106,17.36010989553789,37.57846857938368,Snowy,871.1978621744086
2024-12-26,88,17.40600157995108,34.68784603227783,Sunny,209.1343867632589
2024-12-27,158,20.010133181178567,58.85863916437751,Sunny,762.9598237032408
2024-12-28,230,18.580350469515263,73.8569220755702,Sunny,976.2056877808457
2024-12-29,91,28.951355257646078,51.690025612738594,Sunny,550.1290625185627
2024-12-30,235,16.58751140742876,38.04240869788731,Sunny,387.9787239967622
2024-12-31,472,25.484861070593816,57.902116257448355,Sunny,763.8968080347054
